L,H,E,nu,F,u_max,sigma_vm_max
1.660934072833945008e+00,1.158317659628078644e-01,1.902037087875935364e+11,3.197368029059363681e-01,9.237980654944228718e+02,4.423351551603495879e-05,7.070249893458291190e+05
1.963433527455133998e+00,1.641709552985529674e-01,1.800490027387735291e+11,2.628113632675546096e-01,2.526736720530052025e+03,7.982546136294338911e-05,1.091663755550104892e+06
1.056197036348871965e+00,1.890147483272903162e-01,1.601411168112930298e+11,3.322761613270829861e-01,2.495363894722990153e+03,9.446381323895068188e-06,5.464799758672375465e+05
8.408580826771653305e-01,1.331877180523752258e-01,7.893441585458454895e+10,3.327631171992582182e-01,3.342489796049291726e+03,3.655013828314159104e-05,1.152162234157078434e+06
1.637131610128060633e+00,1.031788952194802600e-01,2.058977234152864380e+11,3.393121121322197342e-01,4.002725736831928316e+03,2.304670290904056089e-04,3.883743471788181923e+06
7.919580617779513609e-01,1.200081505590551434e-01,7.613252721021203613e+10,2.654289492067548051e-01,3.573720289591045912e+03,4.847245453150673153e-05,1.291434007968036225e+06
1.617143233861725760e+00,1.951264598651315518e-01,1.156155501393412781e+11,2.870459706034869107e-01,2.613001150741135461e+03,4.447366992333371170e-05,7.196840396358455764e+05
7.842070386264285986e-01,6.948822580032075480e-02,1.365986896716307220e+11,2.726909349050883891e-01,3.514162976071296725e+03,1.235632109116365808e-04,3.455701341567751952e+06
1.155727878308496104e+00,1.749017294086756547e-01,1.680371142803148804e+11,2.812366641382040844e-01,4.245169106278404797e+03,2.591901452696539554e-05,1.071144780119765550e+06
1.707146536245202739e+00,1.081217568545261853e-01,1.103659345502341766e+11,3.182495503974975271e-01,1.128886176241894191e+03,1.214828894976428461e-04,9.938121043558218516e+05
7.998623037126624258e-01,5.110434046265083241e-02,1.801694128502993774e+11,3.164850856592031914e-01,3.673244203818508140e+03,2.367122911012164890e-04,6.773393794088616967e+06
1.671093546532951724e+00,1.188373663307510097e-01,1.496237674334051208e+11,2.639796998127657557e-01,1.015385330911880487e+03,6.055622651804593243e-05,6.895319237951983232e+05
1.502604442685707475e+00,1.206644309214698896e-01,1.491330549073664551e+11,3.264998857416025468e-01,3.356232440002658677e+03,1.375671547332993133e-04,2.233231573428921402e+06
1.330369100986993791e+00,1.338810741118120484e-01,1.125530137287657166e+11,2.530817834567939406e-01,2.465228251545630883e+03,7.408895876048086427e-05,1.113011712109196698e+06
8.218770092292937424e-01,1.112792965586954369e-01,1.894764302575432739e+11,2.733939485865340968e-01,7.623623376007971046e+02,5.727205642853981917e-06,3.291265902657035040e+05
9.220758380329947546e-01,9.403906366500255909e-02,1.626683120617653198e+11,3.057032152341278008e-01,4.027541940978860566e+03,7.797066812690177265e-05,2.719166679152034689e+06
1.496470310491081257e+00,1.109580292160105841e-01,1.839628538532448730e+11,2.666972919907704132e-01,6.022043291023721849e+02,2.599007342486076222e-05,4.251178461187733919e+05
6.350717911634626844e-01,1.583539025894675767e-01,1.346628122351942444e+11,2.661271779033601570e-01,2.754701487965136039e+03,5.017987260674067142e-06,5.001576319779974874e+05
7.284681540697526270e-01,1.544480562616604158e-01,1.324618785803642883e+11,2.881021226096482368e-01,1.856804401165444460e+03,5.396277026135538608e-06,4.042541426387264510e+05
1.445423889678332685e+00,1.042718915830085774e-01,8.227098870425413513e+10,2.618005902120515427e-01,4.828539490472815487e+03,5.039802061412403719e-04,3.688212245606712066e+06
1.862871036061410468e+00,1.549560700716124395e-01,1.072217946043327332e+11,3.469176377347723550e-01,4.004379067846075941e+03,2.031683632327230238e-04,2.112966827526328154e+06
1.575335283738493519e+00,1.174042253215683146e-01,1.081138186583222656e+11,2.596390962153499182e-01,4.561710784447287551e+03,3.314701771495424812e-04,3.011171414176294580e+06
1.183664434750416605e+00,8.035450471928455574e-02,1.128339273810913391e+11,3.079219568941896079e-01,1.295477523226542644e+03,1.135365484438252584e-04,1.428230384303467348e+06
1.784921426138563305e+00,1.637779294752815251e-01,1.707248138331311646e+11,2.932093039775103827e-01,3.322889783160994284e+03,8.359883322361977471e-05,1.380884784706000937e+06
1.376146953369103310e+00,1.474769902332230265e-01,8.182220495958447266e+10,2.915807402170609297e-01,6.872637823785161117e+02,2.318032598279008970e-05,2.782127543285078718e+05
1.240986228866778340e+00,9.947918184991780266e-02,9.023338644124656677e+10,2.603402967722551753e-01,3.144400574799704373e+03,2.233886299867966264e-04,2.313882417283857707e+06
7.558894528053291539e-01,1.887680177565195794e-01,1.513485595580552979e+11,2.846869804534837289e-01,3.159119711666375224e+03,5.035835237373814223e-06,4.904876394056103891e+05
5.342058065445463022e-01,1.937838819862168216e-01,1.375224811720060425e+11,3.282735227250286325e-01,8.722849996509735320e+02,5.194503492373368895e-07,1.046742041137137421e+05
1.229987496257240576e+00,1.236060491531781463e-01,2.012957036964976196e+11,3.071728052376075380e-01,2.630702304756292051e+03,4.288344508538496637e-05,1.371143640450846171e+06
9.004634946378403670e-01,9.973534960138283334e-02,1.428941363460152893e+11,2.938911460305046464e-01,5.972543594614869562e+02,1.047532900886850320e-05,3.488403091299819062e+05
1.739437886291536728e+00,1.844241157759650140e-01,8.963487245980551147e+10,3.054036143539049508e-01,9.885908351094959698e+02,3.107889399105516449e-05,3.292992162388658035e+05
1.508360139559717483e+00,9.218506757585126499e-02,1.623191688568662415e+11,3.226994614286882168e-01,3.958913713629456652e+03,3.181912942855419021e-04,4.236308243920336477e+06
6.616114189338448970e-01,1.874017767706412374e-01,1.022299587252833099e+11,2.537412556176179557e-01,2.996836112261675225e+03,5.041992646029547867e-06,4.098905103820677614e+05
1.056383425793658182e+00,1.744684614698620018e-01,1.831552060890022583e+11,2.817138892822715346e-01,4.788047277813852816e+03,2.081291100726320113e-05,1.126347069503523642e+06
9.363767572101779901e-01,1.272585693847572141e-01,1.058351126794643860e+11,3.436043570048963325e-01,1.240735179119081749e+03,1.561714667836010766e-05,5.214493630653209984e+05
5.673659290884934814e-01,1.152645590004557075e-01,2.089325789678171997e+11,3.391677266254913836e-01,3.868736087556271286e+03,7.730079124894101704e-06,1.266777056609743508e+06
1.836188736317787340e+00,1.840169959546795186e-01,1.426401704541028748e+11,2.815929051830792784e-01,3.974055944499446014e+03,9.378372337760948767e-05,1.346669090752033750e+06
1.492491894751641679e+00,1.060486593310565190e-01,8.322533352861213684e+10,3.246789611349025773e-01,1.681072321652891105e+03,1.740521065925822067e-04,1.398640119681979762e+06
1.905219725800668895e+00,8.614558625085272370e-02,8.718611053760804749e+10,3.331112672124906249e-01,1.189779424810223190e+03,3.908149994233726357e-04,1.716482869396079797e+06
7.689024622366086303e-01,1.399074187281265369e-01,1.924386857172450256e+11,2.696434665714573242e-01,1.896456528050426414e+03,5.974249612630884843e-06,5.066334148001684807e+05
1.666107257361766347e+00,1.957739639091451433e-01,1.401037660683279419e+11,2.643897502551250667e-01,5.627132946869069201e+02,8.655784500242302550e-06,1.541652918653542001e+05
8.444840449982828900e-01,6.977333266797816624e-02,1.648722143058000488e+11,2.621832504628531235e-01,2.778484692292848649e+03,9.915921159112930580e-05,2.850116859743616078e+06
1.541393653464329772e+00,1.371674913831353870e-01,9.796859123240806580e+10,3.304124526182262711e-01,3.719332083271107422e+03,1.730205432790581544e-04,2.017147531595672481e+06
1.608476005873312520e+00,6.965866273359699878e-02,8.732553251104824829e+10,3.427562551006507752e-01,2.289101872212232593e+03,8.324268159744189349e-04,4.301916702478416264e+06
9.514230376714096771e-01,1.232876068027300154e-01,1.628009897869015503e+11,3.455623257046969710e-01,1.789008020969247582e+03,1.677407907484499515e-05,8.119600243229968473e+05
1.887212643968040560e+00,5.372892370793844879e-02,1.477277259257554626e+11,3.133975111681084891e-01,9.765383168783898782e+02,5.649854333553150105e-04,2.690754932667871937e+06
7.105093955958690088e-01,1.128671478974455911e-01,2.052724677000454407e+11,3.096042553234372718e-01,4.698604497200950391e+03,1.998228107437294675e-05,1.831626854709194973e+06
1.706541373419456109e+00,1.201072402332937356e-01,1.798668828953062439e+11,2.517836783976987736e-01,9.911479854458073078e+02,5.088881457323161857e-05,6.640959638624633662e+05
1.744142922324104505e+00,1.695225632487742939e-01,1.025697038753007202e+11,3.030769590599053376e-01,3.227071193150049112e+03,1.139122834626561556e-04,1.252986391083507333e+06
1.801608430664016769e+00,1.404660736008088717e-01,1.277600196983152466e+11,2.874184043407182476e-01,2.416469388680794509e+03,1.290521041728970308e-04,1.325989535142767942e+06
1.477896538369961377e+00,1.801235947628487266e-01,1.335455634906819611e+11,2.747839562951358006e-01,1.564980633489115235e+03,2.258429157685212601e-05,4.566080621388997533e+05
1.619021420365169606e+00,1.724853145135865629e-01,8.473893117957749939e+10,2.566558856955178380e-01,3.174951486904033118e+03,1.074699728822940507e-04,1.064258386610794580e+06
7.192598662890474781e-01,1.736996285684512253e-01,1.134468543493704224e+11,2.643871932971142424e-01,4.644367126193526019e+03,1.101626548684717127e-05,7.876230311274420237e+05
7.482975841029172459e-01,9.270801235069034418e-02,9.150587532688821411e+10,2.615490063665354969e-01,5.951660735139801091e+02,1.205394701496468538e-05,3.285287079809915740e+05
5.830931137463901681e-01,7.619622064037791243e-02,7.747347056780455017e+10,3.091143816110971110e-01,3.563215370597778929e+03,7.072772594540048822e-05,2.423174970070079435e+06
1.090445685248042418e+00,9.769866454280742851e-02,1.406336731831122131e+11,3.375004942234608452e-01,4.330092320699926859e+03,1.368154678677150672e-04,3.329937519875027705e+06
5.652125930191879144e-01,7.722476143947862304e-02,1.031442819546154480e+11,2.749387575832211716e-01,3.070546932842477418e+03,4.123650639271653326e-05,1.898753302469589282e+06
1.124393638554788355e+00,5.738811798913909940e-02,1.223059793843400269e+11,3.023752948717637334e-01,9.575235630667218629e+02,1.669413170774171242e-04,1.799759249651461607e+06
1.750187830682839563e+00,5.779427996976563980e-02,1.994778616625286865e+11,2.599113141579875719e-01,4.296087282189887446e+03,1.341359199351228751e-03,9.597063951874479651e+06
1.853979715891425517e+00,1.969356020879889368e-01,1.822836232383031006e+11,3.279477540771328914e-01,3.391174741979964438e+03,5.121826239664912378e-05,1.098783281802715734e+06
1.668494531867193542e+00,7.018283126197207011e-02,1.450495250326692200e+11,3.014222870190414461e-01,4.359074648551509199e+03,1.047590466544204464e-03,7.540969891215248033e+06
1.194199048390273799e+00,1.077634244150530302e-01,1.595388579731954346e+11,2.766463317500845731e-01,1.128957849292805804e+03,3.220338619591491149e-05,7.082972096019500168e+05
1.216815911035618702e+00,1.125334052892327658e-01,1.025597916740423126e+11,2.867511810115128124e-01,2.148766024218113671e+03,8.837208290651577284e-05,1.280359224984934088e+06
9.912433466188181885e-01,1.069196119590393595e-01,1.660040683638323364e+11,2.796876474571285409e-01,4.769860670219031817e+03,7.845136763958317618e-05,2.610933342850555666e+06
1.874522029307266857e+00,1.221365642450118055e-01,1.159705687006564331e+11,3.035434789830003255e-01,4.318522199481310963e+03,4.132513707501019018e-04,3.208617753585846629e+06
1.478881010840153110e+00,1.706587741920616297e-01,1.445811186492036133e+11,3.132917629267620852e-01,1.796700263821077669e+03,2.727923529212290043e-05,6.099571124875554815e+05
1.602339743465436062e+00,8.036068896885775747e-02,1.672717380345897522e+11,3.360719068325893621e-01,1.094462767856947721e+03,1.432166816438553932e-04,1.594494026717373170e+06
1.421569610812879692e+00,6.426436223449019658e-02,1.716001879579997559e+11,2.584493218823520344e-01,4.711729202152817379e+03,8.122321325142557247e-04,8.061579667505636811e+06
7.061118950567032426e-01,1.938320368863620802e-01,1.821237846519135132e+11,3.093682004466353774e-01,4.021808470832961120e+03,3.997059174187563324e-06,5.825775675482755760e+05
1.692672258474628766e+00,1.919040594225995822e-01,1.054736695374862061e+11,3.090075895358309066e-01,9.277213890398054446e+02,2.038599834788772629e-05,2.823146481744307093e+05
1.424248550036181893e+00,7.569369561391832424e-02,1.490930856061418457e+11,3.072430514033849813e-01,2.596933188415523091e+03,3.332388885728685747e-04,3.631220799923474900e+06
1.283947663269684236e+00,1.645885085009882176e-01,1.818942603116893311e+11,2.992153215575428793e-01,3.198170486851755413e+03,2.879963007657189693e-05,1.008434325029071653e+06
1.896854353535152748e+00,6.796003827516843010e-02,8.639449922601547241e+10,2.587709011910768186e-01,3.460384782682375317e+03,2.073157499793336876e-03,6.336346959315516055e+06
1.127912451185569154e+00,1.661482124212765032e-01,1.639723978632029419e+11,2.833637758328237943e-01,4.542649463126910632e+03,3.068947720929581912e-05,1.237210865057281218e+06
1.643798220605978466e+00,9.058024113652636544e-02,1.209868824880875549e+11,2.814439980204263003e-01,1.209252418812498490e+03,1.761268387331217471e-04,1.325303042619363405e+06
7.216750588132874178e-01,1.904191195063616449e-01,1.313065652078254547e+11,2.883319822777409835e-01,3.783585689048200493e+03,5.927767742118495147e-06,5.595763930744478712e+05
1.329489597879349949e+00,1.904209980257693391e-01,1.792422091473149109e+11,2.979369564124540459e-01,2.193617630663718046e+03,1.455368505094875723e-05,5.436138099623428425e+05
1.979947317386482997e+00,1.576640354005465205e-01,2.031672524005377502e+11,2.618478577217041581e-01,4.327401556358521702e+03,1.389933212113929762e-04,2.022675939894183539e+06
1.455610825986811463e+00,6.828825175026689842e-02,1.523561199956909180e+11,3.186096365105448580e-01,5.553620864987127561e+02,9.579964856456679343e-05,9.554344672827147879e+05
1.181476942762619942e+00,1.738099266794481956e-01,1.113502635481725769e+11,2.958548081798550999e-01,2.490413571805519496e+03,2.465082394517668376e-05,6.592658609731092583e+05
9.528910871637373825e-01,1.877662843273331661e-01,1.793811649604122314e+11,2.610588410996110276e-01,4.986655960269078605e+03,1.345740120191123012e-05,9.215264160712767625e+05
1.818800036461617919e+00,9.258626567960584475e-02,1.871655211525313721e+11,2.606419531871382866e-01,4.995971287134073464e+03,5.835356546724945357e-04,5.520109729448149912e+06
1.498527104159805390e+00,1.475187523338195583e-01,8.266170177777857971e+10,3.397033398896625034e-01,6.304977644201123894e+02,2.585374596729301400e-05,2.982088159406092600e+05
8.612420870617205626e-01,7.145328127499525617e-02,1.787475116969105835e+11,2.698204227212898099e-01,4.597872022088983613e+03,1.489803548051875360e-04,4.624252343215310946e+06
1.484403558991235217e+00,5.542440657420443645e-02,7.076017677801806641e+10,2.551657917014398813e-01,3.226663299414774428e+03,2.145494115295188287e-03,7.078374923266607337e+06
1.702222716289123028e+00,8.578292309410828764e-02,1.889172380092302246e+11,2.557231940153260608e-01,4.104337341387543347e+03,4.882862656503296353e-04,4.903835924466861412e+06
1.891693145258420472e+00,1.658162598656571229e-01,1.677369097570092163e+11,3.337980218655383080e-01,6.806808479617989178e+02,1.925027872402552243e-05,3.114958984869008418e+05
8.026731660785830780e-01,6.873855189584646141e-02,1.406343386270181274e+11,3.245188128328844179e-01,3.335053300593794120e+03,1.210882731170585678e-04,3.681015410911973100e+06
1.776696649642902415e+00,7.328194886616364034e-02,1.728469528709226074e+11,2.693041490868903765e-01,1.718414380930101061e+03,3.675979755608750816e-04,2.749068368649804499e+06
1.564857045921955958e+00,1.970307177348022964e-01,1.556161048367897339e+11,2.554500314991295373e-01,3.273390364673897693e+03,3.734103175842556102e-05,8.343646964211052982e+05
5.635258273702505871e-01,1.826218567050226227e-01,1.693409599140869141e+11,2.673127846422503340e-01,9.127445262088913296e+02,6.299487462145583194e-07,1.166497114533218119e+05
7.752998433204785211e-01,1.970040769331288799e-01,1.341984899441885681e+11,3.284080948341407957e-01,3.363837539484995887e+03,5.561530059412124635e-06,5.259927556648199679e+05
1.358619724937955908e+00,7.176953819975745441e-02,2.024434234981333008e+11,2.801342632514717823e-01,3.101077471133939980e+03,3.017883184417283269e-04,4.407969656278979033e+06
1.549663916883599057e+00,1.473849732867963391e-01,2.016832173573725891e+11,2.648438989920057773e-01,2.787587323011239278e+03,5.455874142172777933e-05,1.210099425488896435e+06
1.106051586111148843e+00,1.211253094223927324e-01,8.669045366768424988e+10,2.634094609872765225e-01,1.751339956015658117e+03,5.334128404299495188e-05,8.218423307901853696e+05
9.570569056412470132e-01,1.141854820522025110e-01,1.555382565851279602e+11,3.134629117418262778e-01,2.353149034635066073e+03,3.016179040340382446e-05,1.161186767781110946e+06
1.113174664143045778e+00,8.264427900454429654e-02,1.523628747772611694e+11,2.817040911317237883e-01,6.622692542481366900e+02,3.410644432277169926e-05,6.374869281561520183e+05
1.127600066235290521e+00,1.211199012635255645e-01,1.015830015485895386e+11,3.072457933122115792e-01,3.045973551943643997e+03,8.128373350655652019e-05,1.532525967702147551e+06
1.553003271665557072e+00,1.471922723301815061e-01,1.613406279129443970e+11,2.816214151824042999e-01,4.043444998936792217e+03,9.890683397913280065e-05,1.793967000105590327e+06
1.323716575399519257e+00,1.147127292769835327e-01,1.576417473317479858e+11,2.860657334450253941e-01,2.807326600730411883e+03,9.035171883017374596e-05,1.729244592731823912e+06
1.605058532723330433e+00,1.829604330085561892e-01,1.989480076213268433e+11,3.003632925183098989e-01,2.841238016332561074e+03,3.279868295286777498e-05,8.910320319530109409e+05
1.699805616145754650e+00,9.716760376163019464e-02,1.872335307283096008e+11,2.994141646517423094e-01,1.021355259508707718e+03,8.641223821394712894e-05,1.043363026238129009e+06
6.080887206094155450e-01,1.762989816559195067e-01,7.777950836696290588e+10,2.780611436133655912e-01,2.003585182256956159e+03,4.086582437901759430e-06,2.932072961599751143e+05
7.594916677873906341e-01,9.708400547029838457e-02,1.739769593415119934e+11,2.514682843560070991e-01,4.222280410343088988e+03,4.133634703302975283e-05,2.149757896328143310e+06
1.784822035361837145e+00,1.058392359787322379e-01,9.150580586848887634e+10,3.100840407945080757e-01,1.038526501392024556e+03,1.619486270085215482e-04,9.658376809162484715e+05
1.047379041617378714e+00,1.937643771351458821e-01,2.093650261617091980e+11,3.272104891354585265e-01,1.899326794643448011e+03,5.018379846502928399e-06,3.909777963957226020e+05
1.531497573749138752e+00,1.558109548226019325e-01,1.242978373229109650e+11,3.140888634586159189e-01,5.482744023905430595e+02,1.389983689758439916e-05,2.269501426272809040e+05
8.135864879033621877e-01,1.287632454450891861e-01,9.292518259616142273e+10,2.665906867876533526e-01,4.263369307476070389e+03,4.173992324712825868e-05,1.386078034604673740e+06
1.983699504025408178e+00,1.333954142042672597e-01,1.874697623234398804e+11,3.490321664326272444e-01,1.137181498559486045e+03,5.970734030162395289e-05,8.326443119580316124e+05
1.172368419881526513e+00,1.088859073762879909e-01,8.120689971046589661e+10,3.255330172794744237e-01,2.452005622951668556e+03,1.223338688639711365e-04,1.600652466208906611e+06
1.203990401285601974e+00,7.260094607198602779e-02,9.532973131232153320e+10,3.407103622156214540e-01,7.009209003842549919e+02,9.819551555345392270e-05,1.002879658336736029e+06
8.492784274155593671e-01,9.380889954717926138e-02,1.386276559362221069e+11,3.086445173014795706e-01,2.719804891327999485e+03,4.902806171479515867e-05,1.729662753225330962e+06
6.261730018353230953e-01,8.655011810835704089e-02,1.881023738667557678e+11,3.137588700478458614e-01,3.421170725604234576e+03,2.368596448303842555e-05,1.968039955065058777e+06
1.505304883027032359e+00,1.644354528559293649e-01,7.813518744100262451e+10,2.866608384932612386e-01,2.927873458677554027e+03,9.821070161204185792e-05,1.039632549991936889e+06
1.007684724945989041e+00,1.766718309930779829e-01,1.375601512022211609e+11,3.268627589459379146e-01,4.334069825965260861e+03,2.036775391510674548e-05,1.022740431361802854e+06
1.257187224355247102e+00,1.864328365807025323e-01,1.521973516751772766e+11,3.350274298833721409e-01,2.032658580161859163e+03,1.392676494968609332e-05,5.316331109512210824e+05
1.248225437797227944e+00,1.297116561506866661e-01,8.469716022544987488e+10,2.898552506701540521e-01,4.628019526482542460e+03,1.649126473550885841e-04,2.180664479092536960e+06
1.446248360547113698e+00,7.662598736554512846e-02,1.174397889853446960e+11,2.691603009662699719e-01,6.117040930935763754e+02,1.022992930176481812e-04,8.023066956330116373e+05
1.891190687756040045e+00,1.172310992385307421e-01,1.130549101389100647e+11,3.098477191557736377e-01,5.329150533185703580e+02,5.967867371134352191e-05,4.328818068850542768e+05
9.170331599012206958e-01,1.554550198548338980e-01,1.587277682296968079e+11,3.481805947542535584e-01,3.291609693461198276e+03,1.448733381504089531e-05,9.479236987023663241e+05
1.216258810441599225e+00,1.642148844776011862e-01,1.964659020749674072e+11,3.220695946718351577e-01,4.834450505972207793e+03,3.406406375010745852e-05,1.516453574607707327e+06
1.673007756107265820e+00,1.800202157392890023e-01,8.597456996570921326e+10,3.232413502993787269e-01,2.480399147873158654e+03,7.683803597750213106e-05,8.618041351459409343e+05
1.329655703616912765e+00,1.481153614223535420e-01,2.057741163387797241e+11,3.484578081431624064e-01,1.797027104695573598e+03,2.058196856267458438e-05,7.780871338901716517e+05
1.600630246156874215e+00,1.624975306902903260e-01,1.185090005838268280e+11,2.623869774864220905e-01,6.842613212857388589e+02,1.894989081180129513e-05,2.546894635200596240e+05
1.666014691293767891e+00,1.234549612725358986e-01,2.079756237292896729e+11,2.964973456193653045e-01,4.900626405832281307e+03,1.842172343329126678e-04,3.225561624018419068e+06
1.117364003291089869e+00,1.690523225839959121e-01,8.187469812365649414e+10,3.055461710137764020e-01,4.109269041435758481e+03,5.062769336721862934e-05,1.107370568546462106e+06
1.887052500829832891e+00,1.733874635926147545e-01,7.517590180816439819e+10,2.872702341306734297e-01,7.191431254123307326e+02,4.108786897257160132e-05,2.797866552694137208e+05
6.639234366718369529e-01,1.512958443001226339e-01,1.698561474836377563e+11,3.273720682751626310e-01,4.394554466250483529e+03,7.845219969963041509e-06,9.756998939610086381e+05
1.609147202714764857e+00,1.701307388159948308e-01,7.685491937525909424e+10,2.734535150441298468e-01,3.298539980188606023e+03,1.245909449694627307e-04,1.146025985237670131e+06
1.787187956937234645e+00,5.067501874094887393e-02,1.420481078962889709e+11,3.177287399364396858e-01,6.332328010787593939e+02,3.840332498818574891e-04,1.869898061926733702e+06
1.102033336330081825e+00,1.843452322075545546e-01,1.640257932398202209e+11,2.737658363360597202e-01,4.337515083343607330e+03,2.039772658644308553e-05,9.472236818823466310e+05
1.022047135114271477e+00,1.780017006716089201e-01,1.118521111566467743e+11,3.090320250883148989e-01,2.286230304865253402e+03,1.367355284549708953e-05,5.228065060366089456e+05
9.122375761326004806e-01,1.829836343257804088e-01,9.626311547152877808e+10,2.584811591235763317e-01,2.038671223455471591e+03,9.753913891996883665e-06,3.800475195723939105e+05
1.576458721462351331e+00,1.711147408964422967e-01,2.098240718093470764e+11,2.796362057011164692e-01,2.335738780090769978e+03,2.985165093522388054e-05,7.946600294757703086e+05
7.052319170444394381e-01,1.362307894434550692e-01,2.096612052168084106e+11,3.200881010120658621e-01,3.178457781860172872e+03,7.446593605170035491e-06,8.867742500930016395e+05
1.088553639382690896e+00,1.872948140428332686e-01,1.395683234582489014e+11,2.634366913313061498e-01,2.144203084396100621e+03,1.099375971741704935e-05,4.456065463781203725e+05
6.007500032716504013e-01,8.029685565331723396e-02,7.247362933998770142e+10,2.953279916500163305e-01,3.355431192283087057e+03,6.739056836847129620e-05,2.082624421942747198e+06
1.014938693568361749e+00,1.130572657257915836e-01,2.042892981982406311e+11,3.251963121574915627e-01,2.933854866252280317e+03,3.456547379093232120e-05,1.582197602539807325e+06
9.268113126677378633e-01,1.845495198159493033e-01,1.029135963632923279e+11,2.825342730516676726e-01,4.590791664903268611e+03,2.065978701202407253e-05,8.749559226745587075e+05
1.294313082927608605e+00,1.613476924126965306e-01,1.527042711829272461e+11,3.153439209009494815e-01,1.847224811816715146e+03,2.121434025917258036e-05,6.235891449210194405e+05
8.620580924399943168e-01,9.837385207529980580e-02,9.176181897167913818e+10,3.374314365290806972e-01,1.774611199625513336e+03,4.295627009070352565e-05,1.104799788811940001e+06
1.342234091621576919e+00,1.687961637712061258e-01,1.797353753125999146e+11,2.938386258584193000e-01,2.643157888640265355e+03,2.555837497987370848e-05,8.198405064591633854e+05
1.992052623402537304e+00,1.511896215468536142e-01,1.840493820365035706e+11,3.402553969219231922e-01,4.044154263032026392e+03,1.556255384158037236e-04,2.318703110992507543e+06
7.777690174303513171e-01,1.343256100606358416e-01,8.426518202403628540e+10,3.152922126563998395e-01,4.799072426845149494e+03,3.883892964674156916e-05,1.478862745626796503e+06
1.269098096450167024e+00,1.149458739301650878e-01,7.501798519854284668e+10,3.459774522329219781e-01,9.635120785857145620e+02,5.491747492910882658e-05,6.368615216958575184e+05
5.616186399572704602e-01,8.690999172574077891e-02,7.917426074857354736e+10,2.955117842411762452e-01,2.822395105657005843e+03,3.393845542941319578e-05,1.431460013597778743e+06
9.688549235428758344e-01,5.764407238623291130e-02,8.562405155489173889e+10,2.884504377989928203e-01,7.723780287194125549e+02,1.291490254550133206e-04,1.271510246570948279e+06
1.547284588414870043e+00,8.105308122872180443e-02,1.122900196297093811e+11,2.894125777178097603e-01,2.374743348811165561e+03,4.240755069578758469e-04,3.043676662403965835e+06
5.024910615122007984e-01,6.681055564980463435e-02,1.907870389237229309e+11,2.501233062511908356e-01,2.786753101157938090e+03,2.222215085208784202e-05,1.992624447290490381e+06
1.234253009760812203e+00,9.996412415159568188e-02,1.303857828205029602e+11,3.280581137526584201e-01,4.285416677967304167e+03,1.958989366741808861e-04,3.429218811262605246e+06
8.905228151228750111e-01,9.837356614515949116e-02,1.039475994239665833e+11,2.979863400551064911e-01,3.574662609464658090e+03,8.659402577966792878e-05,2.133407392677216325e+06
8.423793131951308188e-01,9.961036130823000545e-02,2.002538464624810791e+11,2.548569289846958075e-01,2.573463223578048201e+03,2.734720548604003954e-05,1.367003917149072513e+06
1.567337062395166791e+00,7.256810173362111815e-02,7.663236280076745605e+10,2.638205371638530639e-01,4.634704370888072845e+03,1.682140114955186800e-03,6.959818615722280927e+06
5.138896727316850654e-01,7.824829622170277610e-02,7.437969180623023987e+10,2.610629467562203265e-01,3.290671789827333214e+03,4.517188654351202831e-05,1.809141906600548187e+06
8.624583631086286672e-01,1.353818075646015529e-01,1.526273535872576599e+11,3.349435333089778588e-01,5.213362681034326442e+02,3.020453001048993449e-06,1.789118980843067984e+05
1.780054189013550170e+00,1.428678629640461328e-01,9.278408805469406128e+10,3.272937388135284120e-01,4.349711938057635962e+03,2.868192219389585369e-04,2.449568053941974416e+06
8.813952256312359568e-01,1.878190521354021758e-01,1.336240402418121033e+11,3.103424454333321147e-01,4.930922901279396683e+03,1.376636731725029056e-05,9.061624711972372606e+05
1.042304117958799070e+00,1.719739018730169489e-01,1.145758764959843445e+11,3.299213522241490892e-01,3.203302634881891208e+03,2.149318991445285255e-05,8.217622555879515130e+05
8.245335428381022069e-01,1.121039140683854629e-01,1.144689888108986359e+11,2.578108393080363880e-01,6.342564654486386644e+02,7.867959330840904191e-06,2.669157710364664672e+05
1.019717983110771442e+00,5.285512217262298973e-02,9.316828606144850159e+10,3.225183320850868451e-01,3.686410560576145599e+03,8.013036048008471621e-04,7.736905760400793515e+06
1.607870579686073942e+00,9.757297566949682532e-02,1.946027239964773560e+11,3.093830548028447258e-01,1.067118537859819298e+03,7.355686381531109500e-05,1.057102690894136904e+06
7.155779921833012036e-01,1.539643140394552634e-01,9.421215110189093018e+10,3.007292701582043315e-01,4.962985141679198023e+03,1.925779369785273346e-05,1.088629659709404688e+06
5.060114071000092473e-01,5.248697028463353981e-02,2.090318414702709045e+11,3.084638834134165175e-01,1.071094889833309026e+03,1.534098239307507352e-05,1.282992006634930614e+06
1.845953299631140521e+00,1.820570450191538736e-01,1.450680578355925293e+11,3.121792029860756545e-01,1.729342361753943578e+03,4.111941113854196395e-05,6.267248594294029754e+05
5.757795445580077276e-01,1.391851413336296639e-01,1.112657270483868103e+11,3.163621046660352043e-01,4.263103295791705023e+03,9.903743669128898565e-06,9.628374505747753428e+05
5.272408158715460313e-01,1.393570662028591201e-01,1.023792755561593170e+11,3.373888497903801409e-01,1.641490279528228257e+03,3.154454290134761702e-06,3.572939862491116510e+05
1.416155199853127433e+00,1.330311260134417473e-01,1.254633100082948456e+11,3.177620763599793841e-01,3.765963356219452635e+03,1.184672430250591723e-04,1.964138706309037050e+06
1.350406692979080336e+00,1.637633355777131372e-01,2.076783906390112610e+11,2.919272387900804788e-01,2.815623733484888817e+03,2.620531522759696587e-05,9.257844958776753629e+05
5.187048169118197993e-01,1.694042834465567804e-01,1.428322093864391479e+11,2.907961430360564981e-01,9.233238339022811942e+02,7.281325995010226887e-07,1.299939031997179409e+05
1.834484632513095903e+00,1.092510860060834782e-01,1.655614237492908325e+11,2.649374156368150546e-01,4.826973332934646351e+03,4.211006975520492613e-04,4.074709918247022200e+06
7.676626427327464253e-01,7.993129893492356697e-02,1.902576004780799255e+11,3.412582744141930968e-01,1.454663333854856319e+03,2.203259955513251910e-05,1.215223006488324376e+06
1.204701332262241742e+00,1.600242356844244762e-01,1.929712027335122070e+11,2.879052695037305210e-01,2.826587690822431341e+03,2.182234281945776355e-05,8.765528111905162223e+05
1.612574615779602372e+00,1.596703964979193091e-01,1.796144182036518860e+11,3.069933818641526480e-01,9.707679356214885047e+02,1.850503991862825453e-05,3.964470834792944370e+05
1.855959936317060022e+00,1.798358808981542212e-01,1.817336410145666199e+11,2.599862477160729268e-01,1.419788151866431235e+03,2.932622307514967121e-05,4.952301384807963041e+05
1.615400547661477892e+00,5.347101418729197086e-02,2.070914487190191650e+11,2.877144680355680495e-01,3.736906401608706346e+03,1.113295369976053523e-03,9.342254445396674797e+06
1.831356632732064948e+00,1.091944832225123507e-01,1.146785484039532471e+11,3.108741128898246386e-01,3.114452181866228329e+03,3.816805618077100180e-04,2.800254034802727867e+06
1.113709966437195664e+00,1.402662133801562683e-01,2.009533917393092651e+11,2.967640256626596362e-01,1.385339813377840983e+03,1.190474386236960261e-05,5.184813035526175518e+05
1.065808974324505831e+00,1.091160473889677962e-01,8.835521702367077637e+10,2.662871500554555015e-01,3.580529330271547678e+03,1.295477345606585950e-04,1.978038663348782808e+06
1.009216631313353929e+00,1.932347587783711518e-01,1.041035443502050476e+11,2.598924505104822091e-01,3.890770533501160571e+03,1.967206552535765571e-05,7.147193788196070818e+05
1.821554077876805122e+00,9.171700353072317902e-02,9.829233423036691284e+10,2.685766134871087063e-01,2.849055356149305680e+03,6.498973171583946823e-04,3.227112024697720539e+06
1.202624961870156550e+00,8.891597597818014231e-02,7.632423637851969910e+10,2.981491340326280493e-01,4.816995564360237950e+03,4.959924714165455609e-04,4.420698694648571312e+06
1.478778801128994846e+00,1.243259834942927744e-01,8.549689036414625549e+10,2.752436290549586939e-01,1.826482773085442204e+03,1.188311976528336357e-04,1.050506636727524456e+06
1.647205328910851474e+00,1.815066195896929413e-01,1.962298594993013916e+11,3.484568608250753763e-01,4.920650073970396079e+03,6.097825650802049698e-05,1.754836235206077574e+06
1.929498699151972030e+00,6.077332107543266526e-02,8.929109502989273071e+10,2.804466526476032673e-01,2.988042143290076638e+03,2.309073984662734190e-03,6.633568647210811265e+06
6.454668330582189473e-01,1.768695436703213719e-01,1.563458650708232727e+11,3.042364402302205062e-01,1.243900955152810184e+03,1.453140940438865739e-06,1.962743594000751618e+05
8.798832116002960335e-01,7.404680374733871306e-02,1.892706420912717896e+11,3.084227860061218296e-01,3.808082423838350223e+03,1.092440474343298333e-04,3.843959921965049114e+06
9.440492943650385937e-01,1.056878955632415823e-01,1.266796950197147217e+11,3.260014971744034651e-01,3.975588444535556391e+03,7.440341443990399785e-05,2.287338012504326645e+06
8.102202912710475546e-01,1.912308285107148786e-01,8.689174724211608887e+10,3.396122082423630451e-01,9.517804054241418044e+02,2.970144090339471965e-06,1.661818034300683939e+05
8.968097167269666325e-01,1.769717804101935688e-01,9.512889012845223999e+10,2.913567931309969938e-01,2.524366849748567802e+03,1.253573828067919681e-05,5.108719486774211400e+05
8.678884595348144160e-01,1.565367802003980180e-01,1.891868509163085327e+11,3.374575139855571781e-01,2.026949655814524249e+03,6.319158265540895871e-06,5.378780053151176544e+05
1.296275591431721663e+00,8.726096057984772392e-02,1.042715102170203552e+11,2.661254062851924340e-01,4.730085548633815961e+03,4.700876091661261255e-04,4.571702116656466387e+06
1.831983242908370002e+00,1.666038069991538362e-01,1.424726129802820435e+11,2.990607915511871995e-01,2.883855497821240988e+03,8.881744309197578955e-05,1.196606739432960283e+06
1.304852020365633969e+00,1.151844627046535591e-01,8.844567660488945007e+10,2.625663852868536097e-01,4.785123721305574691e+03,2.641642041103475476e-04,2.819346194580184761e+06
1.223046139379525776e+00,1.929808287357783758e-01,9.290076287941540527e+10,3.054416552039933563e-01,1.434727640081926438e+03,1.379322869017864266e-05,3.269115768304452067e+05
8.797769091899023675e-01,5.450818681417682332e-02,8.665346350362957764e+10,3.416848407629195505e-01,1.946898461670492679e+03,2.785421994742282633e-04,3.644377524778932333e+06
1.412193817871887358e+00,1.197521197983909685e-01,1.260631743343389587e+11,3.031886091346068235e-01,1.342575250769036757e+03,5.680485533921946243e-05,8.258456572168654529e+05
1.982905847779364850e+00,1.727461803055794776e-01,1.738260485824121399e+11,2.968759297013952581e-01,1.187947049568511829e+03,3.392117479147759983e-05,4.908912339023200911e+05
1.880998787410351758e+00,1.012080601072591624e-01,7.701493655757072449e+10,2.842403676810628665e-01,4.075056637231479726e+03,9.915527213571325924e-04,4.078215154936332256e+06
1.434063117482312188e+00,1.626257877117289752e-01,1.811089537407328491e+11,2.711954611080542588e-01,4.657024922419311224e+03,6.112844231537086848e-05,1.592767988353921566e+06
1.156984404380558829e+00,1.458520473896247061e-01,7.032322816214387512e+10,3.493368498411177914e-01,1.764033736838698132e+03,4.131634902860562757e-05,6.991207658700407483e+05
5.930946598102329048e-01,1.187393062304771124e-01,8.806420800548583984e+10,2.652326710157575929e-01,3.345272658635945845e+03,1.751944780255458201e-05,9.686413283982555149e+05
1.089391087355349841e+00,1.882778675232492649e-01,1.146819092451298065e+11,3.226180128383900891e-01,2.574947435697084074e+03,1.518656056180621017e-05,5.727406078707557172e+05
1.489926951693918200e+00,1.399543035073985697e-01,1.361897561862597504e+11,3.450061094624436997e-01,2.042211392397301324e+03,5.784063994108303692e-05,1.072607327163246227e+06
7.658532518739088468e-01,1.517141091319742507e-01,1.884410585831072388e+11,2.540253739939923872e-01,2.523347097902062615e+03,6.410784654719912060e-06,5.710114480091900332e+05
1.838731534530989364e+00,1.624427928384301612e-01,2.088530803096679382e+11,3.031413811597243879e-01,3.469980734605180714e+03,7.892281581258071257e-05,1.521552999061511131e+06
9.537204217068921963e-01,1.921303399498988651e-01,1.212869683979150848e+11,3.238510712686628601e-01,2.314130918535868659e+03,8.275144113828621006e-06,4.449919363510994008e+05
1.342728395094499039e+00,1.579673802532319538e-01,1.412507812451895752e+11,3.407086326909508633e-01,2.386854445675146053e+03,3.426953970413715528e-05,9.081927149802236818e+05
1.470607697214987741e+00,1.013543649950081338e-01,1.271419335523418274e+11,2.940050108233552284e-01,1.066131582405283552e+03,8.023858925032625346e-05,9.011846641482368577e+05
6.375855185885099807e-01,1.501234884720137053e-01,1.617724833680273132e+11,3.162909714210094814e-01,5.889490040421125059e+02,1.014704734506362669e-06,1.259707263019982493e+05
9.898202640076698700e-01,7.967147708887954705e-02,1.789411991561617432e+11,3.360630401396129674e-01,1.610061697517662878e+03,5.421889629875919239e-05,1.653497646192847285e+06
1.501773738271979575e+00,6.940442051874116947e-02,1.085213535842398682e+11,2.638654496233419633e-01,1.775843449696531479e+03,4.572483247165934003e-04,2.791563208949560300e+06
1.512104821023916745e+00,1.865490365277878704e-01,9.835313710938603210e+10,3.042079034950719296e-01,3.656259955595445263e+03,6.776836839333212148e-05,1.058117128770441283e+06
1.929383702728348471e+00,1.415090724330760885e-01,1.057149703438332977e+11,3.125478156913936156e-01,1.942210227551072649e+03,1.462325803455190017e-04,1.153882717911768705e+06
1.964192586037561750e+00,1.099514202745455471e-01,1.659598809065419922e+11,2.523227582346758702e-01,2.300276507606398809e+03,2.372018058207517137e-04,1.992168477429497521e+06
1.812661419983767397e+00,1.415341166649868865e-01,1.321520040954366913e+11,3.435937499435725573e-01,4.342929692662531124e+03,2.143292753891036116e-04,2.620766193633034825e+06
9.833235107344073800e-01,1.316822603062009489e-01,1.385753958529447632e+11,3.132202500114862342e-01,2.003500701314400203e+03,2.064452342047346528e-05,7.773309366062382469e+05
8.663075011488323707e-01,1.869007752883304341e-01,1.993424299297908936e+11,3.343322885761979002e-01,4.901919938440525584e+03,8.672097053558141933e-06,9.331615784029392526e+05
1.617487288669532841e+00,1.647000842842999691e-01,1.767626128747697144e+11,2.980607630942306296e-01,2.554034875314222518e+03,4.596198781901001670e-05,9.747240010907683754e+05
8.603394142235047948e-01,1.467228791538935928e-01,1.105048190543268433e+11,2.757808409702354191e-01,3.136826183432246580e+03,2.067651272833284727e-05,8.487128096099022077e+05
1.114973582337564828e+00,8.282849131919484131e-02,1.842478423453963623e+11,3.360569919294376096e-01,1.254647838550014285e+03,5.138589290396751723e-05,1.322636719483587425e+06
5.112605491999997476e-01,1.004194952794060652e-01,1.816515169953053589e+11,3.339173866234323995e-01,1.122480815522221519e+03,2.857571195520744611e-06,4.294709222095277510e+05
1.661503851774576823e+00,6.735562509641442042e-02,1.246087626219140930e+11,3.498609515011915638e-01,1.366658704539094288e+03,4.089156796042237919e-04,2.819629314652498346e+06
7.309453738664396516e-01,1.134200498820190361e-01,1.567535936357805786e+11,3.432900782413252916e-01,4.913695154898654437e+03,2.843894571303181611e-05,2.068165028117374750e+06
6.044609548870919502e-01,7.069962760218580222e-02,1.807033163454391479e+11,2.770632152270860460e-01,4.481820767778623122e+03,5.374181409944672240e-05,3.456969829300374258e+06
1.495179885843630263e+00,6.677672035710158216e-02,1.865540998893609924e+11,2.676356380008075853e-01,2.405729276058442338e+03,3.921065290134117740e-04,4.028477481123951264e+06
1.328277392838995041e+00,1.251149223620417472e-01,1.660628081861210632e+11,3.152686734869254992e-01,4.964189024876246549e+03,1.172988900436979100e-04,2.734505024007943925e+06
1.999132863836281748e+00,1.274689103953461355e-01,8.332787217452096558e+10,3.227843298968718355e-01,4.894988351974650868e+03,6.828845155563155510e-04,3.669963769520466682e+06
9.774895814435304864e-01,1.191813328756360785e-01,1.294687694741638184e+11,2.551419154556929247e-01,3.525189940505501454e+03,5.304079968990403198e-05,1.525731158813798102e+06
1.030006542602701636e+00,1.681195811947253649e-01,1.864968105394780273e+11,3.321230786597845208e-01,2.374996991179460565e+03,1.008146915568872501e-05,6.315669065673882142e+05
9.823185233613492828e-01,1.623231169500582438e-01,1.821945207379812012e+11,2.991257446391366037e-01,4.518639587913363357e+03,1.946942151314836957e-05,1.167148957926630974e+06
7.158630441178374104e-01,1.818603169488440252e-01,8.345333261606338501e+10,2.653525522054613894e-01,2.902280059732821428e+03,8.092450763206710166e-06,4.516060975139325019e+05
6.012777202811225852e-01,5.792106521001655350e-02,7.007262418319877625e+10,2.936316659694263032e-01,3.985807465815033993e+03,2.126654728617875518e-04,4.501749514937336557e+06
5.522575254198734962e-01,1.478386409698783099e-01,1.852378244382661133e+11,2.668000848577871120e-01,1.160886806696319127e+03,1.255180967646356185e-06,2.133242547464411473e+05
1.791201460430804193e+00,1.734686914925142320e-01,1.454518472769861450e+11,3.319199879293980304e-01,9.174023484102265229e+02,2.255695019344932921e-05,3.677593050768196699e+05
1.091722276908131617e+00,1.606696334159559703e-01,1.060432743053548737e+11,3.252328914433552653e-01,2.768803719758662282e+03,2.807812349162326328e-05,8.299883711658888496e+05
1.625398981922349551e+00,1.197019456785994446e-01,1.215066076310544739e+11,2.719189216478632432e-01,1.437707036457567483e+03,9.546444046232262714e-05,9.508974008716357639e+05
1.627236215857093882e+00,6.783655220509407502e-02,8.203752901553231812e+10,2.676291365022129831e-01,1.289059301542648427e+03,5.663452565878064485e-04,2.210430971792596392e+06
1.734661434210349684e+00,1.097759935211318760e-01,2.086543840304675293e+11,2.637211257790612606e-01,3.440929215621395088e+03,2.023879111370986564e-04,2.762198412440820131e+06
1.173094260801875954e+00,1.089377265045610998e-01,1.925117878675715332e+11,3.475595645828399305e-01,4.427865314483804468e+03,9.145148027946549234e-05,3.035995254627129994e+06
7.884510185526996118e-01,8.311968818134010673e-02,1.618503430733088684e+11,2.789083581638191478e-01,3.806263088512609556e+03,6.860283307221317402e-05,2.729355871770123020e+06
1.349630976214466926e+00,1.326363152735604567e-01,1.859965694774299927e+11,3.210532771742677927e-01,6.195999424878126547e+02,1.152747400990540137e-05,3.140267740718207788e+05
5.741887057190235844e-01,1.402337678684023592e-01,1.380668905871185608e+11,2.760184655342991511e-01,2.383952392916607096e+03,4.465662428768818718e-06,5.022730003606287064e+05
1.636865478099290838e+00,1.739917226986895105e-01,1.485712295046062012e+11,2.885369480857102875e-01,1.718135426727981667e+03,3.273844408132031816e-05,5.912510933211735683e+05
1.282877706153880304e+00,9.721244278465715483e-02,1.489733191866112061e+11,3.176652382509637662e-01,7.973564491372767407e+02,3.875634077201734081e-05,6.782234781543533318e+05
5.016011975341208018e-01,8.184157082611145939e-02,1.952316096806293335e+11,3.146290763228559162e-01,1.273821583716602845e+03,5.249507407483585263e-06,6.749335781140828039e+05
1.835395942735428054e+00,1.204933910431010141e-01,1.366528459350124817e+11,3.435541943842654877e-01,7.676901148250301503e+02,5.935110560328313864e-05,6.248430857220022008e+05
8.227674119430777866e-01,1.378656987732083672e-01,9.736811134148057556e+10,3.179527009208957811e-01,1.463415302015240741e+03,1.116333537310274235e-05,4.525955017720271135e+05
6.487354558982214581e-01,8.104777394612597274e-02,1.291827647980887146e+11,2.676138299173079771e-01,1.106114112155062912e+03,1.543357393976822875e-05,6.974380312145776115e+05
1.790422829328411236e+00,9.805958053959618059e-02,1.205062161125555115e+11,2.555270409501227413e-01,2.108163305759243485e+03,3.167064693240333444e-04,2.084077223866663175e+06
8.972107659823694847e-01,1.415727601012682912e-01,9.875464167413693237e+10,3.388365453062840427e-01,4.683499794137997924e+03,4.115877615578930566e-05,1.542365317248344189e+06
